node_id,label,type,reviews
David_6343345,David,reviewer,66
Ken_39397787,Ken,reviewer,56
Paul_77645251,Paul,reviewer,53
Patrick_68447360,Patrick,reviewer,53
David_78093968,David,reviewer,45
Grahame_26701678,Grahame,reviewer,40
Wayne & Kate_980703,Wayne & Kate,reviewer,40
Byron_150884075,Byron,reviewer,40
Lisa_10572577,Lisa,reviewer,37
Sione_43861095,Sione,reviewer,36
Ennis_136852553,Ennis,reviewer,34
Keith_169191690,Keith,reviewer,34
Roger_52492105,Roger,reviewer,33
Rochelle_46757748,Rochelle,reviewer,32
James_12379656,James,reviewer,31
Shin Khoon_120060989,Shin Khoon,reviewer,30
Jessica LL_161023168,Jessica LL,reviewer,29
Lucy_25823448,Lucy,reviewer,29
Robert_34810344,Robert,reviewer,29
Chris_59485085,Chris,reviewer,28
Robert_45047906,Robert,reviewer,28
Grant_5192518,Grant,reviewer,28
Phil_75144789,Phil,reviewer,27
Doug_82933395,Doug,reviewer,27
Thalia_110669788,Thalia,reviewer,27
Karlene_54140297,Karlene,reviewer,26
Chris_23662728,Chris,reviewer,26
Mei Ling_8511105,Mei Ling,reviewer,26
Laurence_15500371,Laurence,reviewer,26
James_40167378,James,reviewer,26
Marian_56997244,Marian,reviewer,25
Geoff_170816828,Geoff,reviewer,24
Christopher_118638620,Christopher,reviewer,24
Dirk_2318728,Dirk,reviewer,24
Bradley_135558719,Bradley,reviewer,24
Anwer_13323398,Anwer,reviewer,24
Khalil_105864487,Khalil,reviewer,24
Kevin_13579905,Kevin,reviewer,24
Richard_24983681,Richard,reviewer,24
Laurent_19898164,Laurent,reviewer,24
Melissa_38714873,Melissa,reviewer,24
Tim_174294896,Tim,reviewer,24
Rodrigo_9239619,Rodrigo,reviewer,24
Christian & Kirsty_23220564,Christian & Kirsty,reviewer,23
Justin_120821995,Justin,reviewer,23
Jeremy_24887701,Jeremy,reviewer,23
Nick_67084875,Nick,reviewer,23
Kenneth_24272062,Kenneth,reviewer,22
Del_7344835,Del,reviewer,22
Shane_21380244,Shane,reviewer,22
Rong_139188434,Rong,reviewer,22
Tim_136485397,Tim,reviewer,22
Brooke_2790530,Brooke,reviewer,22
Andrew_26384378,Andrew,reviewer,22
Alex_139394672,Alex,reviewer,22
Beth_50081274,Beth,reviewer,22
Alex P_53096747,Alex P,reviewer,22
Michelle_120819987,Michelle,reviewer,22
Iain_47515177,Iain,reviewer,22
Ashley_132602827,Ashley,reviewer,21
Owen_161091188,Owen,reviewer,21
Shirley & J_21234371,Shirley & J,reviewer,21
Stephen_168806289,Stephen,reviewer,21
Tiffany_43195788,Tiffany,reviewer,21
Tim_15626511,Tim,reviewer,21
Janet_100834001,Janet,reviewer,21
Matthew_83195593,Matthew,reviewer,20
Alison_6137657,Alison,reviewer,20
Mel & Richard_30019772,Mel & Richard,reviewer,20
Andrew_81208312,Andrew,reviewer,20
Philip_131393623,Philip,reviewer,20
James_93426040,James,reviewer,20
Derek_118614440,Derek,reviewer,20
Natalie_7942848,Natalie,reviewer,20
Ross_68805275,Ross,reviewer,20
Graham_29779693,Graham,reviewer,20
Vaughn_27752032,Vaughn,reviewer,20
(L) 10295733,(L) 10295733,listing,46
(L) 7700641,(L) 7700641,listing,33
(L) 10860967,(L) 10860967,listing,31
(L) 6534880,(L) 6534880,listing,26
(L) 21937462,(L) 21937462,listing,26
(L) 9332510,(L) 9332510,listing,24
(L) 8831721,(L) 8831721,listing,23
(L) 3877598,(L) 3877598,listing,22
(L) 12434800,(L) 12434800,listing,22
(L) 16150505,(L) 16150505,listing,21
(L) 19142277,(L) 19142277,listing,21
(L) 15279275,(L) 15279275,listing,20
(L) 4166124,(L) 4166124,listing,18
(L) 9188113,(L) 9188113,listing,17
(L) 8977590,(L) 8977590,listing,17
(L) 1253351,(L) 1253351,listing,16
(L) 23528360,(L) 23528360,listing,16
(L) 21925294,(L) 21925294,listing,15
(L) 16548266,(L) 16548266,listing,15
(L) 10995325,(L) 10995325,listing,15
(L) 6438273,(L) 6438273,listing,14
(L) 22295354,(L) 22295354,listing,14
(L) 9245388,(L) 9245388,listing,14
(L) 5014943,(L) 5014943,listing,12
(L) 16817510,(L) 16817510,listing,11
(L) 12897385,(L) 12897385,listing,11
(L) 12114078,(L) 12114078,listing,11
(L) 26669688,(L) 26669688,listing,10
(L) 22124010,(L) 22124010,listing,9
(L) 14094396,(L) 14094396,listing,9
(L) 11480581,(L) 11480581,listing,9
(L) 16975413,(L) 16975413,listing,9
(L) 18773556,(L) 18773556,listing,9
(L) 15746873,(L) 15746873,listing,9
(L) 11460324,(L) 11460324,listing,9
(L) 4888502,(L) 4888502,listing,8
(L) 8331998,(L) 8331998,listing,8
(L) 8506353,(L) 8506353,listing,8
(L) 9202537,(L) 9202537,listing,8
(L) 12839487,(L) 12839487,listing,8
(L) 3265015,(L) 3265015,listing,8
(L) 5993432,(L) 5993432,listing,8
(L) 12571143,(L) 12571143,listing,7
(L) 223221,(L) 223221,listing,7
(L) 3743191,(L) 3743191,listing,7
(L) 2893200,(L) 2893200,listing,7
(L) 15398262,(L) 15398262,listing,7
(L) 10211390,(L) 10211390,listing,7
(L) 15044083,(L) 15044083,listing,7
(L) 10928947,(L) 10928947,listing,7
(L) 8617383,(L) 8617383,listing,6
(L) 17560855,(L) 17560855,listing,6
(L) 23441110,(L) 23441110,listing,6
(L) 18762366,(L) 18762366,listing,6
(L) 9519433,(L) 9519433,listing,6
(L) 14475170,(L) 14475170,listing,6
(L) 3265676,(L) 3265676,listing,5
(L) 16562839,(L) 16562839,listing,5
(L) 5981263,(L) 5981263,listing,5
(L) 426398,(L) 426398,listing,5
(L) 23550293,(L) 23550293,listing,5
(L) 20141478,(L) 20141478,listing,5
(L) 11148977,(L) 11148977,listing,5
(L) 8332544,(L) 8332544,listing,5
(L) 10003982,(L) 10003982,listing,5
(L) 8955421,(L) 8955421,listing,5
(L) 22109673,(L) 22109673,listing,5
(L) 20372066,(L) 20372066,listing,5
(L) 16102516,(L) 16102516,listing,5
(L) 13210097,(L) 13210097,listing,5
(L) 14603132,(L) 14603132,listing,5
(L) 3947896,(L) 3947896,listing,5
(L) 8583304,(L) 8583304,listing,5
(L) 21625489,(L) 21625489,listing,5
(L) 2244154,(L) 2244154,listing,5
(L) 19025923,(L) 19025923,listing,4
(L) 23788626,(L) 23788626,listing,4
(L) 15825979,(L) 15825979,listing,4
(L) 23844807,(L) 23844807,listing,4
(L) 21721150,(L) 21721150,listing,4
(L) 20606265,(L) 20606265,listing,4
(L) 783928,(L) 783928,listing,4
(L) 4247960,(L) 4247960,listing,4
(L) 19770551,(L) 19770551,listing,4
(L) 12044261,(L) 12044261,listing,4
(L) 19755847,(L) 19755847,listing,4
(L) 23459976,(L) 23459976,listing,4
(L) 652063,(L) 652063,listing,4
(L) 7680007,(L) 7680007,listing,4
(L) 1949398,(L) 1949398,listing,4
(L) 12814872,(L) 12814872,listing,4
(L) 13239461,(L) 13239461,listing,4
(L) 7042470,(L) 7042470,listing,4
(L) 3953704,(L) 3953704,listing,4
(L) 4766604,(L) 4766604,listing,4
(L) 16045570,(L) 16045570,listing,4
(L) 4755217,(L) 4755217,listing,4
(L) 2304942,(L) 2304942,listing,4
(L) 21940524,(L) 21940524,listing,4
(L) 4937277,(L) 4937277,listing,3
(L) 14940179,(L) 14940179,listing,3
(L) 5784919,(L) 5784919,listing,3
(L) 6349130,(L) 6349130,listing,3
(L) 9566883,(L) 9566883,listing,3
(L) 14019426,(L) 14019426,listing,3
(L) 9265665,(L) 9265665,listing,3
(L) 4184965,(L) 4184965,listing,3
(L) 23095433,(L) 23095433,listing,3
(L) 26261842,(L) 26261842,listing,3
(L) 19852401,(L) 19852401,listing,3
(L) 15099899,(L) 15099899,listing,3
(L) 20505575,(L) 20505575,listing,3
(L) 28045307,(L) 28045307,listing,3
(L) 21308964,(L) 21308964,listing,3
(L) 14224677,(L) 14224677,listing,3
(L) 19062323,(L) 19062323,listing,3
(L) 8524883,(L) 8524883,listing,3
(L) 387130,(L) 387130,listing,3
(L) 23208027,(L) 23208027,listing,3
(L) 17763675,(L) 17763675,listing,3
(L) 16007568,(L) 16007568,listing,3
(L) 18081448,(L) 18081448,listing,3
(L) 22558475,(L) 22558475,listing,3
(L) 19420826,(L) 19420826,listing,3
(L) 295480,(L) 295480,listing,3
(L) 15501219,(L) 15501219,listing,3
(L) 23567299,(L) 23567299,listing,3
(L) 14616342,(L) 14616342,listing,3
(L) 18112846,(L) 18112846,listing,3
(L) 11263845,(L) 11263845,listing,3
(L) 23363936,(L) 23363936,listing,3
(L) 23045093,(L) 23045093,listing,3
(L) 4448723,(L) 4448723,listing,3
(L) 304835,(L) 304835,listing,3
(L) 27207671,(L) 27207671,listing,3
(L) 19317454,(L) 19317454,listing,3
(L) 8782702,(L) 8782702,listing,3
(L) 22709306,(L) 22709306,listing,3
(L) 12810756,(L) 12810756,listing,3
(L) 18637325,(L) 18637325,listing,3
(L) 1718606,(L) 1718606,listing,3
(L) 13941742,(L) 13941742,listing,3
(L) 1966675,(L) 1966675,listing,3
(L) 745024,(L) 745024,listing,3
(L) 4590927,(L) 4590927,listing,3
(L) 18694945,(L) 18694945,listing,3
(L) 13675327,(L) 13675327,listing,3
(L) 25377947,(L) 25377947,listing,3
(L) 12497257,(L) 12497257,listing,3
(L) 1349941,(L) 1349941,listing,3
(L) 1060458,(L) 1060458,listing,3
(L) 22048724,(L) 22048724,listing,3
(L) 8317766,(L) 8317766,listing,3
(L) 16258146,(L) 16258146,listing,3
(L) 27744611,(L) 27744611,listing,2
(L) 6837442,(L) 6837442,listing,2
(L) 15167430,(L) 15167430,listing,2
(L) 3013026,(L) 3013026,listing,2
(L) 13523243,(L) 13523243,listing,2
(L) 26863884,(L) 26863884,listing,2
(L) 28351491,(L) 28351491,listing,2
(L) 5491278,(L) 5491278,listing,2
(L) 25378101,(L) 25378101,listing,2
(L) 8991803,(L) 8991803,listing,2
(L) 8461067,(L) 8461067,listing,2
(L) 619474,(L) 619474,listing,2
(L) 4157766,(L) 4157766,listing,2
(L) 23510317,(L) 23510317,listing,2
(L) 30054848,(L) 30054848,listing,2
(L) 20458949,(L) 20458949,listing,2
(L) 14999903,(L) 14999903,listing,2
(L) 15257722,(L) 15257722,listing,2
(L) 12395172,(L) 12395172,listing,2
(L) 16598911,(L) 16598911,listing,2
(L) 17032864,(L) 17032864,listing,2
(L) 16326207,(L) 16326207,listing,2
(L) 21639809,(L) 21639809,listing,2
(L) 13932915,(L) 13932915,listing,2
(L) 23967444,(L) 23967444,listing,2
(L) 10026712,(L) 10026712,listing,2
(L) 21568485,(L) 21568485,listing,2
(L) 21384244,(L) 21384244,listing,2
(L) 22048655,(L) 22048655,listing,2
(L) 14521064,(L) 14521064,listing,2
(L) 4876374,(L) 4876374,listing,2
(L) 869520,(L) 869520,listing,2
(L) 9699920,(L) 9699920,listing,2
(L) 9844656,(L) 9844656,listing,2
(L) 14030846,(L) 14030846,listing,2
(L) 14622440,(L) 14622440,listing,2
(L) 24412630,(L) 24412630,listing,2
(L) 23469623,(L) 23469623,listing,2
(L) 5526079,(L) 5526079,listing,2
(L) 18467431,(L) 18467431,listing,2
(L) 9049446,(L) 9049446,listing,2
(L) 23529310,(L) 23529310,listing,2
(L) 7403055,(L) 7403055,listing,2
(L) 21816636,(L) 21816636,listing,2
(L) 11020313,(L) 11020313,listing,2
(L) 2723564,(L) 2723564,listing,2
(L) 5751561,(L) 5751561,listing,2
(L) 21971426,(L) 21971426,listing,2
(L) 10320098,(L) 10320098,listing,2
(L) 7521604,(L) 7521604,listing,2
(L) 7132426,(L) 7132426,listing,2
(L) 15835075,(L) 15835075,listing,2
(L) 11103711,(L) 11103711,listing,2
(L) 22189155,(L) 22189155,listing,2
(L) 21519998,(L) 21519998,listing,2
(L) 9114694,(L) 9114694,listing,2
(L) 9349911,(L) 9349911,listing,2
(L) 19895602,(L) 19895602,listing,2
(L) 5984722,(L) 5984722,listing,2
(L) 23673439,(L) 23673439,listing,2
(L) 15327450,(L) 15327450,listing,2
(L) 12176184,(L) 12176184,listing,2
(L) 11662571,(L) 11662571,listing,2
(L) 4917336,(L) 4917336,listing,2
(L) 12351,(L) 12351,listing,2
(L) 4106027,(L) 4106027,listing,2
(L) 22329806,(L) 22329806,listing,2
(L) 18042924,(L) 18042924,listing,2
(L) 8292666,(L) 8292666,listing,2
(L) 21128806,(L) 21128806,listing,2
(L) 10840037,(L) 10840037,listing,2
(L) 9945151,(L) 9945151,listing,2
(L) 17275276,(L) 17275276,listing,2
(L) 21329062,(L) 21329062,listing,2
(L) 4698283,(L) 4698283,listing,2
(L) 16580806,(L) 16580806,listing,2
(L) 23132874,(L) 23132874,listing,2
(L) 21270439,(L) 21270439,listing,2
(L) 5622326,(L) 5622326,listing,2
(L) 16445733,(L) 16445733,listing,2
(L) 21952924,(L) 21952924,listing,2
(L) 8942973,(L) 8942973,listing,2
(L) 4431401,(L) 4431401,listing,2
(L) 16286231,(L) 16286231,listing,2
(L) 12800606,(L) 12800606,listing,2
(L) 846696,(L) 846696,listing,2
(L) 15317060,(L) 15317060,listing,2
(L) 7054719,(L) 7054719,listing,2
(L) 15359826,(L) 15359826,listing,2
(L) 25000686,(L) 25000686,listing,2
(L) 2093730,(L) 2093730,listing,2
(L) 19742639,(L) 19742639,listing,2
(L) 22722130,(L) 22722130,listing,2
(L) 17514440,(L) 17514440,listing,2
(L) 22722590,(L) 22722590,listing,2
(L) 14863133,(L) 14863133,listing,2
(L) 16745047,(L) 16745047,listing,2
(L) 13481300,(L) 13481300,listing,2
(L) 27527423,(L) 27527423,listing,2
(L) 28670742,(L) 28670742,listing,2
(L) 20459691,(L) 20459691,listing,2
(L) 20961337,(L) 20961337,listing,2
(L) 837794,(L) 837794,listing,2
(L) 26169398,(L) 26169398,listing,2
(L) 2160385,(L) 2160385,listing,2
(L) 25016203,(L) 25016203,listing,2
(L) 20666669,(L) 20666669,listing,2
(L) 73639,(L) 73639,listing,2
(L) 6046427,(L) 6046427,listing,2
(L) 22066434,(L) 22066434,listing,2
(L) 22094539,(L) 22094539,listing,2
(L) 23135378,(L) 23135378,listing,2
(L) 22020768,(L) 22020768,listing,2
(L) 24517938,(L) 24517938,listing,2
(L) 4624297,(L) 4624297,listing,2
(L) 15153632,(L) 15153632,listing,2
(L) 21924804,(L) 21924804,listing,2
(L) 5366904,(L) 5366904,listing,2
(L) 12256510,(L) 12256510,listing,2
(L) 20447092,(L) 20447092,listing,2
(L) 318591,(L) 318591,listing,2
(L) 13438832,(L) 13438832,listing,2
(L) 396335,(L) 396335,listing,2
(L) 1769170,(L) 1769170,listing,2
(L) 9050938,(L) 9050938,listing,2
(L) 20137332,(L) 20137332,listing,2
(L) 21362838,(L) 21362838,listing,2
(L) 9928529,(L) 9928529,listing,2
(L) 22710517,(L) 22710517,listing,2
(L) 23398105,(L) 23398105,listing,2
(L) 19878627,(L) 19878627,listing,2
(L) 26108345,(L) 26108345,listing,2
(L) 12744324,(L) 12744324,listing,1
(L) 7368072,(L) 7368072,listing,1
(L) 4088562,(L) 4088562,listing,1
(L) 1910165,(L) 1910165,listing,1
(L) 17804545,(L) 17804545,listing,1
(L) 9963077,(L) 9963077,listing,1
(L) 8374962,(L) 8374962,listing,1
(L) 23830086,(L) 23830086,listing,1
(L) 17333266,(L) 17333266,listing,1
(L) 26437841,(L) 26437841,listing,1
(L) 4972252,(L) 4972252,listing,1
(L) 22284793,(L) 22284793,listing,1
(L) 17915374,(L) 17915374,listing,1
(L) 17703795,(L) 17703795,listing,1
(L) 5178277,(L) 5178277,listing,1
(L) 21684408,(L) 21684408,listing,1
(L) 1877472,(L) 1877472,listing,1
(L) 2505762,(L) 2505762,listing,1
(L) 3657826,(L) 3657826,listing,1
(L) 10456538,(L) 10456538,listing,1
(L) 9811835,(L) 9811835,listing,1
(L) 818471,(L) 818471,listing,1
(L) 24876214,(L) 24876214,listing,1
(L) 18843931,(L) 18843931,listing,1
(L) 28146117,(L) 28146117,listing,1
(L) 23255721,(L) 23255721,listing,1
(L) 5560772,(L) 5560772,listing,1
(L) 21017098,(L) 21017098,listing,1
(L) 726883,(L) 726883,listing,1
(L) 26961458,(L) 26961458,listing,1
(L) 11956630,(L) 11956630,listing,1
(L) 28263099,(L) 28263099,listing,1
(L) 3774294,(L) 3774294,listing,1
(L) 9452970,(L) 9452970,listing,1
(L) 5138641,(L) 5138641,listing,1
(L) 389876,(L) 389876,listing,1
(L) 21016099,(L) 21016099,listing,1
(L) 20460589,(L) 20460589,listing,1
(L) 10384715,(L) 10384715,listing,1
(L) 15275816,(L) 15275816,listing,1
(L) 14925384,(L) 14925384,listing,1
(L) 17016465,(L) 17016465,listing,1
(L) 837407,(L) 837407,listing,1
(L) 23588730,(L) 23588730,listing,1
(L) 23889225,(L) 23889225,listing,1
(L) 22329109,(L) 22329109,listing,1
(L) 21490486,(L) 21490486,listing,1
(L) 10931622,(L) 10931622,listing,1
(L) 2877534,(L) 2877534,listing,1
(L) 16353148,(L) 16353148,listing,1
(L) 12934659,(L) 12934659,listing,1
(L) 16445449,(L) 16445449,listing,1
(L) 4776738,(L) 4776738,listing,1
(L) 23735284,(L) 23735284,listing,1
(L) 12280403,(L) 12280403,listing,1
(L) 25136313,(L) 25136313,listing,1
(L) 25459716,(L) 25459716,listing,1
(L) 13804295,(L) 13804295,listing,1
(L) 16749067,(L) 16749067,listing,1
(L) 952331,(L) 952331,listing,1
(L) 17945015,(L) 17945015,listing,1
(L) 10636588,(L) 10636588,listing,1
(L) 13348808,(L) 13348808,listing,1
(L) 15942066,(L) 15942066,listing,1
(L) 1803477,(L) 1803477,listing,1
(L) 28696186,(L) 28696186,listing,1
(L) 23422413,(L) 23422413,listing,1
(L) 18829606,(L) 18829606,listing,1
(L) 14956501,(L) 14956501,listing,1
(L) 20887384,(L) 20887384,listing,1
(L) 26261823,(L) 26261823,listing,1
(L) 16136713,(L) 16136713,listing,1
(L) 17126992,(L) 17126992,listing,1
(L) 19170060,(L) 19170060,listing,1
(L) 29637504,(L) 29637504,listing,1
(L) 18163567,(L) 18163567,listing,1
(L) 5041030,(L) 5041030,listing,1
(L) 9241437,(L) 9241437,listing,1
(L) 17175171,(L) 17175171,listing,1
(L) 2546323,(L) 2546323,listing,1
(L) 20578794,(L) 20578794,listing,1
(L) 12660130,(L) 12660130,listing,1
(L) 23257112,(L) 23257112,listing,1
(L) 21771768,(L) 21771768,listing,1
(L) 22458746,(L) 22458746,listing,1
(L) 5698406,(L) 5698406,listing,1
(L) 7423995,(L) 7423995,listing,1
(L) 19829650,(L) 19829650,listing,1
(L) 26372220,(L) 26372220,listing,1
(L) 13852692,(L) 13852692,listing,1
(L) 28840363,(L) 28840363,listing,1
(L) 4759609,(L) 4759609,listing,1
(L) 8997080,(L) 8997080,listing,1
(L) 14872806,(L) 14872806,listing,1
(L) 10497704,(L) 10497704,listing,1
(L) 23582895,(L) 23582895,listing,1
(L) 13676035,(L) 13676035,listing,1
(L) 15513928,(L) 15513928,listing,1
(L) 18449103,(L) 18449103,listing,1
(L) 23022325,(L) 23022325,listing,1
(L) 1161392,(L) 1161392,listing,1
(L) 20677795,(L) 20677795,listing,1
(L) 18142759,(L) 18142759,listing,1
(L) 4559006,(L) 4559006,listing,1
(L) 21830042,(L) 21830042,listing,1
(L) 5999550,(L) 5999550,listing,1
(L) 14738007,(L) 14738007,listing,1
(L) 6998958,(L) 6998958,listing,1
(L) 27475124,(L) 27475124,listing,1
(L) 2077065,(L) 2077065,listing,1
(L) 21571014,(L) 21571014,listing,1
(L) 10732560,(L) 10732560,listing,1
(L) 13117717,(L) 13117717,listing,1
(L) 16785366,(L) 16785366,listing,1
(L) 10483638,(L) 10483638,listing,1
(L) 14406658,(L) 14406658,listing,1
(L) 22016584,(L) 22016584,listing,1
(L) 9827731,(L) 9827731,listing,1
(L) 13848078,(L) 13848078,listing,1
(L) 9718091,(L) 9718091,listing,1
(L) 5288331,(L) 5288331,listing,1
(L) 11193227,(L) 11193227,listing,1
(L) 21682152,(L) 21682152,listing,1
(L) 11209443,(L) 11209443,listing,1
(L) 22065141,(L) 22065141,listing,1
(L) 16394059,(L) 16394059,listing,1
(L) 10318389,(L) 10318389,listing,1
(L) 25709250,(L) 25709250,listing,1
(L) 23882856,(L) 23882856,listing,1
(L) 22540890,(L) 22540890,listing,1
(L) 19555904,(L) 19555904,listing,1
(L) 9219104,(L) 9219104,listing,1
(L) 5708726,(L) 5708726,listing,1
(L) 2495704,(L) 2495704,listing,1
(L) 12012516,(L) 12012516,listing,1
(L) 7500580,(L) 7500580,listing,1
(L) 15603682,(L) 15603682,listing,1
(L) 28086269,(L) 28086269,listing,1
(L) 945795,(L) 945795,listing,1
(L) 16046333,(L) 16046333,listing,1
(L) 4387602,(L) 4387602,listing,1
(L) 16837230,(L) 16837230,listing,1
(L) 20140237,(L) 20140237,listing,1
(L) 23999472,(L) 23999472,listing,1
(L) 26348729,(L) 26348729,listing,1
(L) 21016866,(L) 21016866,listing,1
(L) 15989240,(L) 15989240,listing,1
(L) 6361931,(L) 6361931,listing,1
(L) 12610247,(L) 12610247,listing,1
(L) 16327927,(L) 16327927,listing,1
(L) 6677630,(L) 6677630,listing,1
(L) 5126717,(L) 5126717,listing,1
(L) 22799007,(L) 22799007,listing,1
(L) 10891485,(L) 10891485,listing,1
(L) 8585205,(L) 8585205,listing,1
(L) 20004779,(L) 20004779,listing,1
(L) 29891617,(L) 29891617,listing,1
(L) 3209999,(L) 3209999,listing,1
(L) 28951925,(L) 28951925,listing,1
(L) 17011425,(L) 17011425,listing,1
(L) 20395354,(L) 20395354,listing,1
(L) 16964637,(L) 16964637,listing,1
(L) 10840047,(L) 10840047,listing,1
(L) 17943925,(L) 17943925,listing,1
(L) 6939281,(L) 6939281,listing,1
(L) 25325049,(L) 25325049,listing,1
(L) 23773079,(L) 23773079,listing,1
(L) 5979856,(L) 5979856,listing,1
(L) 14029665,(L) 14029665,listing,1
(L) 5185720,(L) 5185720,listing,1
(L) 1903284,(L) 1903284,listing,1
(L) 686805,(L) 686805,listing,1
(L) 19101709,(L) 19101709,listing,1
(L) 3835553,(L) 3835553,listing,1
(L) 18009761,(L) 18009761,listing,1
(L) 17946780,(L) 17946780,listing,1
(L) 2621669,(L) 2621669,listing,1
(L) 21840975,(L) 21840975,listing,1
(L) 5022710,(L) 5022710,listing,1
(L) 16125642,(L) 16125642,listing,1
(L) 13848771,(L) 13848771,listing,1
(L) 4521519,(L) 4521519,listing,1
(L) 19000645,(L) 19000645,listing,1
(L) 5580910,(L) 5580910,listing,1
(L) 23295918,(L) 23295918,listing,1
(L) 16933922,(L) 16933922,listing,1
(L) 11402633,(L) 11402633,listing,1
(L) 19065568,(L) 19065568,listing,1
(L) 6328156,(L) 6328156,listing,1
(L) 1793897,(L) 1793897,listing,1
(L) 18739313,(L) 18739313,listing,1
(L) 13548883,(L) 13548883,listing,1
(L) 8575021,(L) 8575021,listing,1
(L) 12689338,(L) 12689338,listing,1
(L) 2089811,(L) 2089811,listing,1
(L) 3796402,(L) 3796402,listing,1
(L) 9615999,(L) 9615999,listing,1
(L) 1292602,(L) 1292602,listing,1
(L) 23312725,(L) 23312725,listing,1
(L) 13301813,(L) 13301813,listing,1
(L) 516032,(L) 516032,listing,1
(L) 5698275,(L) 5698275,listing,1
(L) 4281870,(L) 4281870,listing,1
(L) 3201626,(L) 3201626,listing,1
(L) 4439559,(L) 4439559,listing,1
(L) 11932557,(L) 11932557,listing,1
(L) 6337820,(L) 6337820,listing,1
(L) 21324052,(L) 21324052,listing,1
(L) 8544848,(L) 8544848,listing,1
(L) 4933784,(L) 4933784,listing,1
(L) 16898212,(L) 16898212,listing,1
(L) 22907311,(L) 22907311,listing,1
(L) 2821454,(L) 2821454,listing,1
(L) 15349516,(L) 15349516,listing,1
(L) 22235176,(L) 22235176,listing,1
(L) 17701696,(L) 17701696,listing,1
(L) 13423415,(L) 13423415,listing,1
(L) 6927072,(L) 6927072,listing,1
(L) 4966816,(L) 4966816,listing,1
(L) 24403396,(L) 24403396,listing,1
(L) 19304312,(L) 19304312,listing,1
(L) 20055551,(L) 20055551,listing,1
(L) 21369401,(L) 21369401,listing,1
(L) 29781537,(L) 29781537,listing,1
(L) 4569536,(L) 4569536,listing,1
(L) 18645288,(L) 18645288,listing,1
(L) 19372039,(L) 19372039,listing,1
(L) 2320694,(L) 2320694,listing,1
(L) 5509789,(L) 5509789,listing,1
(L) 7644244,(L) 7644244,listing,1
(L) 23618765,(L) 23618765,listing,1
(L) 13467416,(L) 13467416,listing,1
(L) 21938249,(L) 21938249,listing,1
(L) 15276023,(L) 15276023,listing,1
(L) 7120073,(L) 7120073,listing,1
(L) 15665121,(L) 15665121,listing,1
(L) 16953121,(L) 16953121,listing,1
(L) 15186470,(L) 15186470,listing,1
(L) 25753713,(L) 25753713,listing,1
(L) 25267231,(L) 25267231,listing,1
(L) 8760182,(L) 8760182,listing,1
(L) 14076870,(L) 14076870,listing,1
(L) 18439259,(L) 18439259,listing,1
(L) 9116265,(L) 9116265,listing,1
(L) 22335017,(L) 22335017,listing,1
(L) 23068546,(L) 23068546,listing,1
(L) 25465230,(L) 25465230,listing,1
(L) 2243639,(L) 2243639,listing,1
(L) 8799329,(L) 8799329,listing,1
(L) 18082235,(L) 18082235,listing,1
(L) 10091713,(L) 10091713,listing,1
(L) 9222316,(L) 9222316,listing,1
(L) 13941758,(L) 13941758,listing,1
(L) 21884439,(L) 21884439,listing,1
(L) 21832000,(L) 21832000,listing,1
(L) 4551693,(L) 4551693,listing,1
(L) 11084973,(L) 11084973,listing,1
(L) 18142848,(L) 18142848,listing,1
(L) 18364525,(L) 18364525,listing,1
(L) 18193649,(L) 18193649,listing,1
(L) 15301914,(L) 15301914,listing,1
(L) 1230182,(L) 1230182,listing,1
(L) 25685201,(L) 25685201,listing,1
(L) 21732439,(L) 21732439,listing,1
(L) 22221177,(L) 22221177,listing,1
(L) 12803298,(L) 12803298,listing,1
(L) 21195156,(L) 21195156,listing,1
(L) 21145581,(L) 21145581,listing,1
(L) 3917500,(L) 3917500,listing,1
(L) 20865,(L) 20865,listing,1
(L) 17658974,(L) 17658974,listing,1
(L) 10111445,(L) 10111445,listing,1
(L) 4626857,(L) 4626857,listing,1
(L) 20508469,(L) 20508469,listing,1
(L) 16545379,(L) 16545379,listing,1
(L) 1925052,(L) 1925052,listing,1
(L) 22603795,(L) 22603795,listing,1
(L) 17109941,(L) 17109941,listing,1
(L) 21253393,(L) 21253393,listing,1
(L) 22019051,(L) 22019051,listing,1
(L) 22009907,(L) 22009907,listing,1
(L) 15092541,(L) 15092541,listing,1
(L) 21449465,(L) 21449465,listing,1
(L) 22297221,(L) 22297221,listing,1
(L) 18982050,(L) 18982050,listing,1
(L) 17910425,(L) 17910425,listing,1
(L) 24645864,(L) 24645864,listing,1
(L) 17026373,(L) 17026373,listing,1
(L) 19972599,(L) 19972599,listing,1
(L) 24334394,(L) 24334394,listing,1
(L) 4420479,(L) 4420479,listing,1
(L) 27642846,(L) 27642846,listing,1
(L) 1979927,(L) 1979927,listing,1
(L) 9865064,(L) 9865064,listing,1
(L) 2142898,(L) 2142898,listing,1
(L) 11228266,(L) 11228266,listing,1
(L) 18634135,(L) 18634135,listing,1
(L) 2749926,(L) 2749926,listing,1
(L) 5584759,(L) 5584759,listing,1
(L) 21650224,(L) 21650224,listing,1
(L) 5015758,(L) 5015758,listing,1
(L) 22960224,(L) 22960224,listing,1
(L) 13360939,(L) 13360939,listing,1
(L) 21002732,(L) 21002732,listing,1
(L) 12874761,(L) 12874761,listing,1
(L) 15721526,(L) 15721526,listing,1
(L) 19315093,(L) 19315093,listing,1
(L) 20984124,(L) 20984124,listing,1
(L) 22249606,(L) 22249606,listing,1
(L) 12799579,(L) 12799579,listing,1
(L) 1268187,(L) 1268187,listing,1
(L) 11790779,(L) 11790779,listing,1
(L) 15652443,(L) 15652443,listing,1
(L) 23363451,(L) 23363451,listing,1
(L) 20136869,(L) 20136869,listing,1
(L) 7270105,(L) 7270105,listing,1
(L) 4015571,(L) 4015571,listing,1
(L) 11311097,(L) 11311097,listing,1
(L) 8007023,(L) 8007023,listing,1
(L) 8801526,(L) 8801526,listing,1
(L) 15025379,(L) 15025379,listing,1
(L) 13674956,(L) 13674956,listing,1
(L) 18558600,(L) 18558600,listing,1
(L) 23424443,(L) 23424443,listing,1
(L) 20456284,(L) 20456284,listing,1
(L) 20417688,(L) 20417688,listing,1
(L) 1861619,(L) 1861619,listing,1
(L) 21238407,(L) 21238407,listing,1
(L) 9260650,(L) 9260650,listing,1
(L) 23083327,(L) 23083327,listing,1
(L) 10839085,(L) 10839085,listing,1
(L) 12506551,(L) 12506551,listing,1
(L) 2062318,(L) 2062318,listing,1
(L) 16827551,(L) 16827551,listing,1
(L) 30018432,(L) 30018432,listing,1
(L) 28851060,(L) 28851060,listing,1
(L) 27149641,(L) 27149641,listing,1
(L) 24149517,(L) 24149517,listing,1
(L) 16089228,(L) 16089228,listing,1
(L) 15634199,(L) 15634199,listing,1
(L) 14034076,(L) 14034076,listing,1
(L) 8472830,(L) 8472830,listing,1
(L) 13550197,(L) 13550197,listing,1
(L) 24523537,(L) 24523537,listing,1
(L) 22322456,(L) 22322456,listing,1
(L) 13793021,(L) 13793021,listing,1
(L) 4721317,(L) 4721317,listing,1
(L) 21541425,(L) 21541425,listing,1
(L) 1714235,(L) 1714235,listing,1
(L) 16129300,(L) 16129300,listing,1
(L) 16862160,(L) 16862160,listing,1
(L) 77792,(L) 77792,listing,1
(L) 25895326,(L) 25895326,listing,1
(L) 12328180,(L) 12328180,listing,1
(L) 17817385,(L) 17817385,listing,1
(L) 6378601,(L) 6378601,listing,1
(L) 9301633,(L) 9301633,listing,1
(L) 16706327,(L) 16706327,listing,1
(L) 9416414,(L) 9416414,listing,1
(L) 15041955,(L) 15041955,listing,1
(L) 6362810,(L) 6362810,listing,1
(L) 22557845,(L) 22557845,listing,1
(L) 19848419,(L) 19848419,listing,1
(L) 22088661,(L) 22088661,listing,1
(L) 11516323,(L) 11516323,listing,1
(L) 5282128,(L) 5282128,listing,1
(L) 21602833,(L) 21602833,listing,1
(L) 1195758,(L) 1195758,listing,1
(L) 10732379,(L) 10732379,listing,1
(L) 20202988,(L) 20202988,listing,1
(L) 27610348,(L) 27610348,listing,1
(L) 12852445,(L) 12852445,listing,1
(L) 24289304,(L) 24289304,listing,1
(L) 14797140,(L) 14797140,listing,1
(L) 18366585,(L) 18366585,listing,1
(L) 17450684,(L) 17450684,listing,1
(L) 3513769,(L) 3513769,listing,1
(L) 22109754,(L) 22109754,listing,1
(L) 15959128,(L) 15959128,listing,1
(L) 12917491,(L) 12917491,listing,1
(L) 16356294,(L) 16356294,listing,1
(L) 8763617,(L) 8763617,listing,1
(L) 24707529,(L) 24707529,listing,1
(L) 655236,(L) 655236,listing,1
(L) 19988301,(L) 19988301,listing,1
(L) 276617,(L) 276617,listing,1
(L) 21817048,(L) 21817048,listing,1
(L) 6828592,(L) 6828592,listing,1
(L) 15947467,(L) 15947467,listing,1
(L) 2239063,(L) 2239063,listing,1
(L) 9097926,(L) 9097926,listing,1
(L) 16136517,(L) 16136517,listing,1
(L) 4002622,(L) 4002622,listing,1
(L) 20988538,(L) 20988538,listing,1
(L) 28053265,(L) 28053265,listing,1
(L) 17076212,(L) 17076212,listing,1
(L) 24531572,(L) 24531572,listing,1
(L) 15524674,(L) 15524674,listing,1
(L) 6887436,(L) 6887436,listing,1
(L) 8089890,(L) 8089890,listing,1
(L) 28875301,(L) 28875301,listing,1
(L) 3264454,(L) 3264454,listing,1
(L) 16677226,(L) 16677226,listing,1
(L) 2786443,(L) 2786443,listing,1
(L) 27009904,(L) 27009904,listing,1
(L) 16601850,(L) 16601850,listing,1
(L) 2504252,(L) 2504252,listing,1
(L) 19390139,(L) 19390139,listing,1
(L) 15634591,(L) 15634591,listing,1
(L) 23731512,(L) 23731512,listing,1
(L) 360141,(L) 360141,listing,1
(L) 14366167,(L) 14366167,listing,1
(L) 10106158,(L) 10106158,listing,1
(L) 5763156,(L) 5763156,listing,1
(L) 26506861,(L) 26506861,listing,1
(L) 27833927,(L) 27833927,listing,1
(L) 30334092,(L) 30334092,listing,1
(L) 15313711,(L) 15313711,listing,1
(L) 986246,(L) 986246,listing,1
(L) 9239802,(L) 9239802,listing,1
(L) 25749889,(L) 25749889,listing,1
(L) 8107268,(L) 8107268,listing,1
(L) 13381132,(L) 13381132,listing,1
(L) 16505295,(L) 16505295,listing,1
(L) 16978328,(L) 16978328,listing,1
(L) 15046696,(L) 15046696,listing,1
(L) 25243655,(L) 25243655,listing,1
(L) 15101580,(L) 15101580,listing,1
(L) 23454701,(L) 23454701,listing,1
(L) 5364803,(L) 5364803,listing,1
(L) 27840534,(L) 27840534,listing,1
(L) 1106059,(L) 1106059,listing,1
(L) 13071389,(L) 13071389,listing,1
(L) 21684386,(L) 21684386,listing,1
(L) 21504549,(L) 21504549,listing,1
(L) 11230729,(L) 11230729,listing,1
(L) 26612892,(L) 26612892,listing,1
(L) 16338897,(L) 16338897,listing,1
(L) 30026321,(L) 30026321,listing,1
(L) 9927784,(L) 9927784,listing,1
(L) 9780282,(L) 9780282,listing,1
(L) 10581248,(L) 10581248,listing,1
(L) 820583,(L) 820583,listing,1
(L) 17529328,(L) 17529328,listing,1
(L) 25325374,(L) 25325374,listing,1
(L) 21301293,(L) 21301293,listing,1
(L) 1853179,(L) 1853179,listing,1
(L) 22677306,(L) 22677306,listing,1
(L) 17310434,(L) 17310434,listing,1
(L) 2876248,(L) 2876248,listing,1
(L) 18093040,(L) 18093040,listing,1
(L) 20668684,(L) 20668684,listing,1
(L) 18556999,(L) 18556999,listing,1
(L) 21391415,(L) 21391415,listing,1
(L) 6080070,(L) 6080070,listing,1
(L) 771147,(L) 771147,listing,1
(L) 27344779,(L) 27344779,listing,1
(L) 11855437,(L) 11855437,listing,1
(L) 7902972,(L) 7902972,listing,1
(L) 9538497,(L) 9538497,listing,1
(L) 19271100,(L) 19271100,listing,1
(L) 15220858,(L) 15220858,listing,1
(L) 28421398,(L) 28421398,listing,1
(L) 9737347,(L) 9737347,listing,1
(L) 8489178,(L) 8489178,listing,1
(L) 8461058,(L) 8461058,listing,1
(L) 16692404,(L) 16692404,listing,1
(L) 18915380,(L) 18915380,listing,1
(L) 8152370,(L) 8152370,listing,1
(L) 19952063,(L) 19952063,listing,1
(L) 19863981,(L) 19863981,listing,1
(L) 11285620,(L) 11285620,listing,1
(L) 17911278,(L) 17911278,listing,1
(L) 6959205,(L) 6959205,listing,1
(L) 23223599,(L) 23223599,listing,1
(L) 24275629,(L) 24275629,listing,1
(L) 6750274,(L) 6750274,listing,1
(L) 9190138,(L) 9190138,listing,1
(L) 13282080,(L) 13282080,listing,1
(L) 9393747,(L) 9393747,listing,1
(L) 6202366,(L) 6202366,listing,1
(L) 29521962,(L) 29521962,listing,1
(L) 21584137,(L) 21584137,listing,1
(L) 2046826,(L) 2046826,listing,1
(L) 16666362,(L) 16666362,listing,1
(L) 22110258,(L) 22110258,listing,1
(L) 25797322,(L) 25797322,listing,1
(L) 19261696,(L) 19261696,listing,1
(L) 11609877,(L) 11609877,listing,1
(L) 21702683,(L) 21702683,listing,1
(L) 8632835,(L) 8632835,listing,1
(L) 8829966,(L) 8829966,listing,1
(L) 18905958,(L) 18905958,listing,1
(L) 28212369,(L) 28212369,listing,1
(L) 7408418,(L) 7408418,listing,1
(L) 20313930,(L) 20313930,listing,1
(L) 21281131,(L) 21281131,listing,1
(L) 24261306,(L) 24261306,listing,1
(L) 16609607,(L) 16609607,listing,1
(L) 15360879,(L) 15360879,listing,1
(L) 12503272,(L) 12503272,listing,1
(L) 2890011,(L) 2890011,listing,1
(L) 19481367,(L) 19481367,listing,1
(L) 22589788,(L) 22589788,listing,1
(L) 24570171,(L) 24570171,listing,1
(L) 12212834,(L) 12212834,listing,1
(L) 24585647,(L) 24585647,listing,1
(L) 12376261,(L) 12376261,listing,1
(L) 20952174,(L) 20952174,listing,1
(L) 1299303,(L) 1299303,listing,1
(L) 12481407,(L) 12481407,listing,1
(L) 18755167,(L) 18755167,listing,1
(L) 9683087,(L) 9683087,listing,1
(L) 21035115,(L) 21035115,listing,1
(L) 21774466,(L) 21774466,listing,1
(L) 10479956,(L) 10479956,listing,1
(L) 11532815,(L) 11532815,listing,1
(L) 24642791,(L) 24642791,listing,1
(L) 2965688,(L) 2965688,listing,1
(L) 30412858,(L) 30412858,listing,1
(L) 17439901,(L) 17439901,listing,1
(L) 3364972,(L) 3364972,listing,1
(L) 23965095,(L) 23965095,listing,1
(L) 28820685,(L) 28820685,listing,1
(L) 22146484,(L) 22146484,listing,1
(L) 16416263,(L) 16416263,listing,1
(L) 23437867,(L) 23437867,listing,1
(L) 20411495,(L) 20411495,listing,1
(L) 21318650,(L) 21318650,listing,1
(L) 334817,(L) 334817,listing,1
(L) 2561206,(L) 2561206,listing,1
(L) 16018148,(L) 16018148,listing,1
(L) 29949029,(L) 29949029,listing,1
(L) 21854276,(L) 21854276,listing,1
(L) 25403814,(L) 25403814,listing,1
(L) 12256756,(L) 12256756,listing,1
(L) 22048785,(L) 22048785,listing,1
(L) 16756012,(L) 16756012,listing,1
(L) 18363483,(L) 18363483,listing,1
(L) 22404165,(L) 22404165,listing,1
(L) 29632265,(L) 29632265,listing,1
(L) 29087621,(L) 29087621,listing,1
(L) 22326011,(L) 22326011,listing,1
(L) 4464899,(L) 4464899,listing,1
(L) 20395090,(L) 20395090,listing,1
(L) 4857085,(L) 4857085,listing,1
(L) 2838442,(L) 2838442,listing,1
(L) 17669481,(L) 17669481,listing,1
(L) 14224564,(L) 14224564,listing,1
(L) 10285857,(L) 10285857,listing,1
(L) 85331,(L) 85331,listing,1
(L) 16100680,(L) 16100680,listing,1
(L) 19388564,(L) 19388564,listing,1
(L) 7468770,(L) 7468770,listing,1
(L) 3963496,(L) 3963496,listing,1
(L) 14159043,(L) 14159043,listing,1
(L) 20035469,(L) 20035469,listing,1
(L) 24562378,(L) 24562378,listing,1
(L) 12041883,(L) 12041883,listing,1
(L) 22410800,(L) 22410800,listing,1
(L) 23150598,(L) 23150598,listing,1
(L) 25064826,(L) 25064826,listing,1
(L) 21840967,(L) 21840967,listing,1
(L) 2548068,(L) 2548068,listing,1
(L) 7355414,(L) 7355414,listing,1
(L) 9653930,(L) 9653930,listing,1
(L) 21732085,(L) 21732085,listing,1
(L) 9781397,(L) 9781397,listing,1
(L) 1480417,(L) 1480417,listing,1
(L) 1996254,(L) 1996254,listing,1
(L) 25016849,(L) 25016849,listing,1
(L) 16416979,(L) 16416979,listing,1
(L) 16113040,(L) 16113040,listing,1
(L) 24143801,(L) 24143801,listing,1
(L) 16502305,(L) 16502305,listing,1
(L) 27858934,(L) 27858934,listing,1
(L) 14937489,(L) 14937489,listing,1
(L) 5796898,(L) 5796898,listing,1
(L) 426879,(L) 426879,listing,1
(L) 6920789,(L) 6920789,listing,1
(L) 19595754,(L) 19595754,listing,1
(L) 11717378,(L) 11717378,listing,1
(L) 11595579,(L) 11595579,listing,1
(L) 10106302,(L) 10106302,listing,1
(L) 8806530,(L) 8806530,listing,1
(L) 16615793,(L) 16615793,listing,1
(L) 24808489,(L) 24808489,listing,1
(L) 23656007,(L) 23656007,listing,1
(L) 29934299,(L) 29934299,listing,1
(L) 11441680,(L) 11441680,listing,1
(L) 8871394,(L) 8871394,listing,1
(L) 21982283,(L) 21982283,listing,1
(L) 1408494,(L) 1408494,listing,1
(L) 12057230,(L) 12057230,listing,1
(L) 1856519,(L) 1856519,listing,1
(L) 7890243,(L) 7890243,listing,1
(L) 23717363,(L) 23717363,listing,1
(L) 28483909,(L) 28483909,listing,1
(L) 17895868,(L) 17895868,listing,1
(L) 2243800,(L) 2243800,listing,1
(L) 2379009,(L) 2379009,listing,1
(L) 1895251,(L) 1895251,listing,1
(L) 24429895,(L) 24429895,listing,1
(L) 19715924,(L) 19715924,listing,1
(L) 288671,(L) 288671,listing,1
(L) 15500733,(L) 15500733,listing,1
(L) 20865922,(L) 20865922,listing,1
(L) 20351337,(L) 20351337,listing,1
(L) 16274813,(L) 16274813,listing,1
(L) 24970253,(L) 24970253,listing,1
(L) 10788811,(L) 10788811,listing,1
(L) 29299151,(L) 29299151,listing,1
(L) 20701633,(L) 20701633,listing,1
(L) 829176,(L) 829176,listing,1
(L) 23798674,(L) 23798674,listing,1
(L) 30331342,(L) 30331342,listing,1
(L) 24000520,(L) 24000520,listing,1
(L) 1073607,(L) 1073607,listing,1
(L) 14377918,(L) 14377918,listing,1
(L) 16713138,(L) 16713138,listing,1
(L) 9783343,(L) 9783343,listing,1
(L) 6590227,(L) 6590227,listing,1
(L) 13441146,(L) 13441146,listing,1
(L) 8510573,(L) 8510573,listing,1
(L) 9476881,(L) 9476881,listing,1
(L) 869512,(L) 869512,listing,1
(L) 10599898,(L) 10599898,listing,1
(L) 23611535,(L) 23611535,listing,1
(L) 12526609,(L) 12526609,listing,1
(L) 5352559,(L) 5352559,listing,1
(L) 29114615,(L) 29114615,listing,1
(L) 11806617,(L) 11806617,listing,1
(L) 24783964,(L) 24783964,listing,1
(L) 23348323,(L) 23348323,listing,1
(L) 4655346,(L) 4655346,listing,1
(L) 11449214,(L) 11449214,listing,1
(L) 21506850,(L) 21506850,listing,1
(L) 27993469,(L) 27993469,listing,1
(L) 20017865,(L) 20017865,listing,1
(L) 8690576,(L) 8690576,listing,1
(L) 13499531,(L) 13499531,listing,1
(L) 28526948,(L) 28526948,listing,1
(L) 19375799,(L) 19375799,listing,1
(L) 11554332,(L) 11554332,listing,1
(L) 25926651,(L) 25926651,listing,1
(L) 17804097,(L) 17804097,listing,1
(L) 22367341,(L) 22367341,listing,1
(L) 16371015,(L) 16371015,listing,1
(L) 12611882,(L) 12611882,listing,1
(L) 26042114,(L) 26042114,listing,1
(L) 25058233,(L) 25058233,listing,1
(L) 5144118,(L) 5144118,listing,1
(L) 8461998,(L) 8461998,listing,1
(L) 20142826,(L) 20142826,listing,1
(L) 16393182,(L) 16393182,listing,1
(L) 7721515,(L) 7721515,listing,1
(L) 17374886,(L) 17374886,listing,1
(L) 22972932,(L) 22972932,listing,1
(L) 22469889,(L) 22469889,listing,1
(L) 5000313,(L) 5000313,listing,1
(L) 11515203,(L) 11515203,listing,1
(L) 9336254,(L) 9336254,listing,1
(L) 11643573,(L) 11643573,listing,1
(L) 12878847,(L) 12878847,listing,1
(L) 21543390,(L) 21543390,listing,1
(L) 16693332,(L) 16693332,listing,1
(L) 26173356,(L) 26173356,listing,1
(L) 3820441,(L) 3820441,listing,1
(L) 24523909,(L) 24523909,listing,1
(L) 4477634,(L) 4477634,listing,1
(L) 23688725,(L) 23688725,listing,1
(L) 16730359,(L) 16730359,listing,1
(L) 1668941,(L) 1668941,listing,1
(L) 20173301,(L) 20173301,listing,1
(L) 259857,(L) 259857,listing,1
(L) 27823948,(L) 27823948,listing,1
(L) 24999766,(L) 24999766,listing,1
(L) 7849180,(L) 7849180,listing,1
(L) 24551148,(L) 24551148,listing,1
(L) 11729878,(L) 11729878,listing,1
(L) 4695350,(L) 4695350,listing,1
(L) 16887125,(L) 16887125,listing,1
(L) 7923071,(L) 7923071,listing,1
(L) 17389986,(L) 17389986,listing,1
(L) 26898426,(L) 26898426,listing,1
(L) 23346246,(L) 23346246,listing,1
(L) 16432212,(L) 16432212,listing,1
(L) 13704039,(L) 13704039,listing,1
(L) 23312135,(L) 23312135,listing,1
(L) 6278158,(L) 6278158,listing,1
(L) 20222989,(L) 20222989,listing,1
(L) 2249881,(L) 2249881,listing,1
(L) 16987558,(L) 16987558,listing,1
(L) 20999406,(L) 20999406,listing,1
(L) 16277847,(L) 16277847,listing,1
(L) 23048850,(L) 23048850,listing,1
(L) 27821818,(L) 27821818,listing,1
(L) 6705769,(L) 6705769,listing,1
(L) 14672791,(L) 14672791,listing,1
(L) 9511634,(L) 9511634,listing,1
(L) 28558210,(L) 28558210,listing,1
(L) 20919241,(L) 20919241,listing,1
(L) 21830134,(L) 21830134,listing,1
(L) 21717410,(L) 21717410,listing,1
(L) 3989395,(L) 3989395,listing,1
(L) 435912,(L) 435912,listing,1
